{"cameraMode":{"drawMode":0,"name":"Shaded","section":"Shading Mode"},"sceneLighting":false,"audioPlay":false,"sceneViewState":{"m_AlwaysRefresh":false,"showFog":true,"showSkybox":true,"showFlares":true,"showImageEffects":true,"showParticleSystems":true,"showVisualEffectGraphs":true,"m_FxEnabled":true},"in2DMode":false,"pivot":{"x":-0.6829392910003662,"y":-2.937072515487671,"z":48.13311004638672},"rotation":{"x":0.2245597392320633,"y":-0.010227462276816368,"z":0.002378159901127219,"w":0.9744222164154053},"size":10.364689826965332,"orthographic":false}