{"cameraMode":{"drawMode":0,"name":"Shaded","section":"Shading Mode"},"sceneLighting":false,"audioPlay":false,"sceneViewState":{"m_AlwaysRefresh":false,"showFog":true,"showSkybox":false,"showFlares":true,"showImageEffects":true,"showParticleSystems":true,"showVisualEffectGraphs":true,"m_FxEnabled":true},"in2DMode":false,"pivot":{"x":-0.14519184827804566,"y":0.08218516409397125,"z":-0.15436583757400514},"rotation":{"x":-0.11947891116142273,"y":0.7230736017227173,"z":0.12933753430843354,"w":0.6679576635360718},"size":0.8534985780715942,"orthographic":false}